"Firefox","Ubuntu HW 12.04","SVG-ASAP","2015-09-09 04:32:44","-3.16%","7f987c38bd3e5ac9a834981e85378bdb02338e9d"
"Fx-Team-Non-PGO","WINNT 5.1 (e10s)","Talos Page Switch","2015-09-09 05:30:30","-252%","20cc75c647f1d3f8b4bc594b989f4cd0e73c9949"
"Fx-Team-Non-PGO","Ubuntu HW 12.04 (e10s)","Talos Page Switch","2015-09-09 04:32:08","-263%","20cc75c647f1d3f8b4bc594b989f4cd0e73c9949"
"Fx-Team-Non-PGO","Ubuntu HW 12.04 x64 (e10s)","SVG, Opacity Row Major","2015-09-09 04:02:38","+3.55%","20cc75c647f1d3f8b4bc594b989f4cd0e73c9949"
"Fx-Team-Non-PGO","Ubuntu HW 12.04 x64 (e10s)","Talos Page Switch","2015-09-09 04:01:44","-253%","20cc75c647f1d3f8b4bc594b989f4cd0e73c9949"
"B2g-Inbound-Non-PGO","Ubuntu HW 12.04","a11y Row Major MozAfterPaint","2015-09-09 02:04:28","-3.68%","538ccb262ec9f022b198d5fbe57a9c99c7eee9b7"
"Firefox-Non-PGO","WINNT 6.2 x64","Tp5 Optimized","2015-09-09 02:06:31","-4.71%","691b1524602d12afc2336474d8ddd4eff1476c4d"
"B2g-Inbound-Non-PGO","Ubuntu HW 12.04","Ts, Paint","2015-09-09 02:04:25","-2.75%","538ccb262ec9f022b198d5fbe57a9c99c7eee9b7"
"B2g-Inbound-Non-PGO","Ubuntu HW 12.04","Session Restore Test","2015-09-09 02:04:13","-3.26%","538ccb262ec9f022b198d5fbe57a9c99c7eee9b7"
"B2g-Inbound-Non-PGO","Ubuntu HW 12.04","Session Restore no Auto Restore Test","2015-09-09 02:04:11","-3.93%","538ccb262ec9f022b198d5fbe57a9c99c7eee9b7"
"Firefox-Non-PGO","Ubuntu HW 12.04","a11y Row Major MozAfterPaint","2015-09-09 00:36:48","-3.57%","691b1524602d12afc2336474d8ddd4eff1476c4d"
"Firefox-Non-PGO","Ubuntu HW 12.04","Session Restore Test","2015-09-09 00:36:39","-3.64%","691b1524602d12afc2336474d8ddd4eff1476c4d"
"Firefox-Non-PGO","Ubuntu HW 12.04","Session Restore no Auto Restore Test","2015-09-09 00:36:36","-4.33%","691b1524602d12afc2336474d8ddd4eff1476c4d"
"Firefox","Ubuntu HW 12.04 (e10s)","TP5 Scroll","2015-09-08 23:36:31","+2.87%","4801e8c36d002aa4d3d69d1d4180a92e0f32207b"
"Mozilla-Inbound","MacOSX 10.10 (e10s)","Talos Page Switch","2015-09-09 00:03:08","-360%","f1b54a9c9f9b645a86099c17d3c14e6f5a9f78ba"
"Firefox","Ubuntu HW 12.04 x64 (e10s)","TP5 Scroll","2015-09-08 23:36:00","+5.15%","4801e8c36d002aa4d3d69d1d4180a92e0f32207b"
"B2g-Inbound-Non-PGO","Ubuntu HW 12.04","SVG-ASAP","2015-09-08 23:31:41","-2.68%","538ccb262ec9f022b198d5fbe57a9c99c7eee9b7"
"B2g-Inbound-Non-PGO","Ubuntu HW 12.04","SVG, Opacity Row Major","2015-09-08 23:31:40","-4.43%","538ccb262ec9f022b198d5fbe57a9c99c7eee9b7"
"B2g-Inbound-Non-PGO","Ubuntu HW 12.04","Tab Animation Test","2015-09-08 23:31:37","-5.28%","538ccb262ec9f022b198d5fbe57a9c99c7eee9b7"
"B2g-Inbound-Non-PGO","Ubuntu HW 12.04","Tp5 Optimized","2015-09-08 23:03:06","-3.51%","538ccb262ec9f022b198d5fbe57a9c99c7eee9b7"
"Firefox","WINNT 6.2 x64 (e10s)","TResize","2015-09-08 20:00:58","-4.16%","7f987c38bd3e5ac9a834981e85378bdb02338e9d"
"Fx-Team-Non-PGO","WINNT 5.1 (ix)","Session Restore no Auto Restore Test","2015-09-08 18:30:43","-5.9%","9d35eca4bc3a8d021c07298f804273ef6c6661c9"
"Fx-Team-Non-PGO","WINNT 5.1 (ix)","Session Restore Test","2015-09-08 18:30:46","-6.67%","69bd898471ce3a95f4ff24fd494d7ff8ed275782"
"B2g-Inbound-Non-PGO","WINNT 6.1 (ix)","TP5 Scroll","2015-09-08 17:33:19","-4.58%","538ccb262ec9f022b198d5fbe57a9c99c7eee9b7"
"B2g-Inbound-Non-PGO","Ubuntu HW 12.04 x64","Tab Animation Test","2015-09-08 16:08:27","-3.86%","538ccb262ec9f022b198d5fbe57a9c99c7eee9b7"
"B2g-Inbound-Non-PGO","Ubuntu HW 12.04 x64","Customization Animation Tests","2015-09-08 16:08:23","-3.29%","538ccb262ec9f022b198d5fbe57a9c99c7eee9b7"
"Firefox-Non-PGO","WINNT 5.1 (ix)","Devtools At Maximum Performance","2015-09-08 16:08:07","-6.04%","691b1524602d12afc2336474d8ddd4eff1476c4d"
"Firefox-Non-PGO","WINNT 5.1 (ix)","Talos Page Switch","2015-09-08 16:08:03","-2.64%","691b1524602d12afc2336474d8ddd4eff1476c4d"
"B2g-Inbound-Non-PGO","WINNT 6.1 (ix)","Paint","2015-09-08 17:04:11","-4.44%","538ccb262ec9f022b198d5fbe57a9c99c7eee9b7"
"B2g-Inbound-Non-PGO","WINNT 6.1 (ix)","Session Restore Test","2015-09-08 17:04:07","-4.87%","538ccb262ec9f022b198d5fbe57a9c99c7eee9b7"
"B2g-Inbound-Non-PGO","WINNT 6.1 (ix)","Session Restore no Auto Restore Test","2015-09-08 17:04:03","-5.23%","538ccb262ec9f022b198d5fbe57a9c99c7eee9b7"
"B2g-Inbound-Non-PGO","WINNT 6.2 x64","TP5 Scroll","2015-09-08 17:01:45","-6.37%","538ccb262ec9f022b198d5fbe57a9c99c7eee9b7"
"B2g-Inbound-Non-PGO","WINNT 6.1 (ix)","Tab Animation Test","2015-09-08 17:01:21","-6.66%","538ccb262ec9f022b198d5fbe57a9c99c7eee9b7"
"B2g-Inbound-Non-PGO","WINNT 6.1 (ix)","Customization Animation Tests","2015-09-08 17:01:18","-5.41%","538ccb262ec9f022b198d5fbe57a9c99c7eee9b7"
"B2g-Inbound-Non-PGO","WINNT 6.1 (ix)","Tp5 Optimized","2015-09-08 17:00:51","-6.49%","538ccb262ec9f022b198d5fbe57a9c99c7eee9b7"
"B2g-Inbound-Non-PGO","WINNT 6.2 x64","Tp5 Optimized","2015-09-08 16:34:37","-5.63%","538ccb262ec9f022b198d5fbe57a9c99c7eee9b7"
"B2g-Inbound-Non-PGO","WINNT 6.2 x64","TResize","2015-09-08 16:34:06","-2.95%","538ccb262ec9f022b198d5fbe57a9c99c7eee9b7"
"B2g-Inbound-Non-PGO","WINNT 6.2 x64","Tab Animation Test","2015-09-08 16:33:39","-7.01%","538ccb262ec9f022b198d5fbe57a9c99c7eee9b7"
"B2g-Inbound-Non-PGO","WINNT 6.2 x64","Customization Animation Tests","2015-09-08 16:33:35","-5.15%","538ccb262ec9f022b198d5fbe57a9c99c7eee9b7"
"B2g-Inbound-Non-PGO","WINNT 6.2 x64","Paint","2015-09-08 16:33:19","-4.04%","538ccb262ec9f022b198d5fbe57a9c99c7eee9b7"
"B2g-Inbound-Non-PGO","WINNT 6.2 x64","Session Restore Test","2015-09-08 16:33:14","-5.4%","538ccb262ec9f022b198d5fbe57a9c99c7eee9b7"
"B2g-Inbound-Non-PGO","WINNT 6.2 x64","Session Restore no Auto Restore Test","2015-09-08 16:33:11","-5.24%","538ccb262ec9f022b198d5fbe57a9c99c7eee9b7"
"B2g-Inbound-Non-PGO","WINNT 6.2 x64","Devtools At Maximum Performance","2015-09-08 16:31:56","-7.15%","538ccb262ec9f022b198d5fbe57a9c99c7eee9b7"
"Firefox-Non-PGO","WINNT 6.2 x64","TP5 Scroll","2015-09-08 16:31:18","-5.35%","691b1524602d12afc2336474d8ddd4eff1476c4d"
"Firefox-Non-PGO","WINNT 6.1 (ix)","Ts, Paint","2015-09-08 15:37:10","-4.56%","691b1524602d12afc2336474d8ddd4eff1476c4d"
"B2g-Inbound-Non-PGO","Ubuntu HW 12.04 x64","SVG-ASAP","2015-09-08 16:08:31","-3.92%","538ccb262ec9f022b198d5fbe57a9c99c7eee9b7"
"Firefox-Non-PGO","WINNT 6.1 (ix)","Session Restore Test","2015-09-08 15:37:04","-5.43%","691b1524602d12afc2336474d8ddd4eff1476c4d"
"Firefox-Non-PGO","WINNT 6.1 (ix)","Session Restore no Auto Restore Test","2015-09-08 15:37:01","-5.46%","691b1524602d12afc2336474d8ddd4eff1476c4d"
"Firefox-Non-PGO","Ubuntu HW 12.04","Tp5 Optimized","2015-09-08 15:36:40","-3.49%","691b1524602d12afc2336474d8ddd4eff1476c4d"
"Firefox-Non-PGO","Ubuntu HW 12.04 x64","SVG-ASAP","2015-09-08 15:34:42","-3.66%","691b1524602d12afc2336474d8ddd4eff1476c4d"
"Firefox-Non-PGO","Ubuntu HW 12.04","Tp5 Optimized (Private Bytes)","2015-09-08 15:36:37","+4.4%","691b1524602d12afc2336474d8ddd4eff1476c4d"
"Firefox-Non-PGO","Ubuntu HW 12.04 x64","Tab Animation Test","2015-09-08 15:34:39","-3.64%","691b1524602d12afc2336474d8ddd4eff1476c4d"
"Firefox-Non-PGO","Ubuntu HW 12.04 x64","Devtools At Maximum Performance","2015-09-08 15:34:19","-5.47%","691b1524602d12afc2336474d8ddd4eff1476c4d"
"Firefox-Non-PGO","WINNT 5.1 (ix)","Tp5 Optimized","2015-09-08 15:34:11","-7.18%","691b1524602d12afc2336474d8ddd4eff1476c4d"
"Firefox-Non-PGO","Ubuntu HW 12.04","SVG-ASAP","2015-09-08 15:33:57","-2.58%","691b1524602d12afc2336474d8ddd4eff1476c4d"
"Firefox-Non-PGO","Ubuntu HW 12.04","SVG, Opacity Row Major","2015-09-08 15:33:55","-4.19%","691b1524602d12afc2336474d8ddd4eff1476c4d"
"Firefox-Non-PGO","Ubuntu HW 12.04","Tab Animation Test","2015-09-08 15:33:53","-5.04%","691b1524602d12afc2336474d8ddd4eff1476c4d"
"Mozilla-Inbound-Non-PGO","WINNT 6.2 x64 (e10s)","Talos Page Switch","2015-09-08 15:31:19","-145%","f1b54a9c9f9b645a86099c17d3c14e6f5a9f78ba"
"Firefox-Non-PGO","Ubuntu HW 12.04","Customization Animation Tests","2015-09-08 15:33:49","-3.66%","691b1524602d12afc2336474d8ddd4eff1476c4d"
"B2g-Inbound-Non-PGO","Ubuntu HW 12.04 x64","Devtools At Maximum Performance","2015-09-08 16:07:03","-4.56%","538ccb262ec9f022b198d5fbe57a9c99c7eee9b7"
"B2g-Inbound-Non-PGO","Ubuntu HW 12.04 x64","Tp5 Optimized","2015-09-08 16:06:45","-3.33%","538ccb262ec9f022b198d5fbe57a9c99c7eee9b7"
"Firefox-Non-PGO","WINNT 6.2 x64","a11y Row Major MozAfterPaint","2015-09-08 16:06:35","-6.67%","691b1524602d12afc2336474d8ddd4eff1476c4d"
"Firefox-Non-PGO","WINNT 6.2 x64","Session Restore Test","2015-09-08 16:06:28","-4.85%","691b1524602d12afc2336474d8ddd4eff1476c4d"
"Firefox-Non-PGO","WINNT 6.2 x64","Session Restore no Auto Restore Test","2015-09-08 16:06:26","-5.39%","691b1524602d12afc2336474d8ddd4eff1476c4d"
"Firefox-Non-PGO","WINNT 6.1 (ix)","Devtools At Maximum Performance","2015-09-08 16:04:55","-8.05%","691b1524602d12afc2336474d8ddd4eff1476c4d"
"Firefox-Non-PGO","WINNT 6.2 x64","Tab Animation Test","2015-09-08 16:04:25","-6.34%","691b1524602d12afc2336474d8ddd4eff1476c4d"
"Firefox-Non-PGO","WINNT 6.2 x64","Customization Animation Tests","2015-09-08 16:04:21","-5.6%","691b1524602d12afc2336474d8ddd4eff1476c4d"
"Firefox-Non-PGO","WINNT 6.1 (ix)","TP5 Scroll","2015-09-08 16:04:10","-6.53%","691b1524602d12afc2336474d8ddd4eff1476c4d"
"Firefox-Non-PGO","WINNT 5.1 (ix)","TP5 Scroll","2015-09-08 16:03:58","-6.59%","691b1524602d12afc2336474d8ddd4eff1476c4d"
"Firefox-Non-PGO","WINNT 6.2 x64","Devtools At Maximum Performance","2015-09-08 16:03:14","-6.05%","691b1524602d12afc2336474d8ddd4eff1476c4d"
"Firefox-Non-PGO","WINNT 5.1 (ix)","Tab Animation Test","2015-09-08 16:02:23","-5.18%","691b1524602d12afc2336474d8ddd4eff1476c4d"
"Firefox-Non-PGO","WINNT 6.1 (ix)","Tp5 Optimized","2015-09-08 16:02:12","-6.72%","691b1524602d12afc2336474d8ddd4eff1476c4d"
"B2g-Inbound-Non-PGO","Ubuntu HW 12.04","Tp5 Optimized (Private Bytes)","2015-09-08 23:03:02","+4.57%","538ccb262ec9f022b198d5fbe57a9c99c7eee9b7"
"Firefox-Non-PGO","WINNT 6.1 (ix)","SVG-ASAP","2015-09-08 16:01:43","-6.34%","691b1524602d12afc2336474d8ddd4eff1476c4d"
"Firefox-Non-PGO","WINNT 6.1 (ix)","SVG, Opacity Row Major","2015-09-08 16:01:38","-5.24%","691b1524602d12afc2336474d8ddd4eff1476c4d"
"Firefox-Non-PGO","WINNT 6.1 (ix)","Tab Animation Test","2015-09-08 16:01:36","-7.18%","691b1524602d12afc2336474d8ddd4eff1476c4d"
"Firefox-Non-PGO","WINNT 6.1 (ix)","tscroll-ASAP","2015-09-08 16:01:34","-4.85%","691b1524602d12afc2336474d8ddd4eff1476c4d"
"Mozilla-Inbound-Non-PGO","WINNT 6.1 (ix) (e10s)","Talos Page Switch","2015-09-08 16:01:05","-220%","f1b54a9c9f9b645a86099c17d3c14e6f5a9f78ba"
"Mozilla-Inbound-Non-PGO","WINNT 5.1 (e10s)","Talos Page Switch","2015-09-08 16:01:14","-258%","f1b54a9c9f9b645a86099c17d3c14e6f5a9f78ba"
"Firefox-Non-PGO","WINNT 6.1 (ix)","Customization Animation Tests","2015-09-08 16:01:31","-6.37%","691b1524602d12afc2336474d8ddd4eff1476c4d"
"B2g-Inbound-Non-PGO","Ubuntu HW 12.04 x64","a11y Row Major MozAfterPaint","2015-09-08 15:38:42","-4.6%","538ccb262ec9f022b198d5fbe57a9c99c7eee9b7"
"B2g-Inbound-Non-PGO","Ubuntu HW 12.04 x64","Ts, Paint","2015-09-08 15:38:40","-2.59%","538ccb262ec9f022b198d5fbe57a9c99c7eee9b7"
"B2g-Inbound-Non-PGO","Ubuntu HW 12.04 x64","Session Restore Test","2015-09-08 15:38:33","-3.63%","538ccb262ec9f022b198d5fbe57a9c99c7eee9b7"
"B2g-Inbound-Non-PGO","Ubuntu HW 12.04 x64","Session Restore no Auto Restore Test","2015-09-08 15:38:31","-3.82%","538ccb262ec9f022b198d5fbe57a9c99c7eee9b7"
"Firefox-Non-PGO","Ubuntu HW 12.04 x64","Tp5 Optimized","2015-09-08 15:37:42","-3.45%","691b1524602d12afc2336474d8ddd4eff1476c4d"
"Firefox-Non-PGO","Ubuntu HW 12.04 x64","Tp5 Optimized (Private Bytes)","2015-09-08 15:37:38","+3.09%","691b1524602d12afc2336474d8ddd4eff1476c4d"
"Firefox-Non-PGO","WINNT 6.1 (ix)","Paint","2015-09-08 15:37:07","-4.53%","691b1524602d12afc2336474d8ddd4eff1476c4d"
"Firefox-Non-PGO","WINNT 6.1 (ix)","a11y Row Major MozAfterPaint","2015-09-08 15:37:14","-6.41%","691b1524602d12afc2336474d8ddd4eff1476c4d"
"Firefox-Non-PGO","Ubuntu HW 12.04 x64","a11y Row Major MozAfterPaint","2015-09-08 15:05:47","-4.23%","691b1524602d12afc2336474d8ddd4eff1476c4d"
"Firefox-Non-PGO","Ubuntu HW 12.04 x64","Session Restore Test","2015-09-08 15:05:37","-3.54%","691b1524602d12afc2336474d8ddd4eff1476c4d"
"Firefox-Non-PGO","Ubuntu HW 12.04 x64","Ts, Paint","2015-09-08 15:05:44","-2.41%","691b1524602d12afc2336474d8ddd4eff1476c4d"
"Firefox-Non-PGO","Ubuntu HW 12.04 x64","Session Restore no Auto Restore Test","2015-09-08 15:05:33","-3.68%","691b1524602d12afc2336474d8ddd4eff1476c4d"
"Firefox-Non-PGO","Ubuntu HW 12.04","Ts, Paint","2015-09-08 15:04:56","-3.04%","efb3f3587cb86cec54cbb04464f27a25fd39911b"
"Firefox-Non-PGO","WINNT 6.2 x64","Paint","2015-09-08 15:04:05","-3.09%","efb3f3587cb86cec54cbb04464f27a25fd39911b"
"Mozilla-Inbound-Non-PGO","Ubuntu HW 12.04 x64 (e10s)","Talos Page Switch","2015-09-08 15:01:28","-259%","f1b54a9c9f9b645a86099c17d3c14e6f5a9f78ba"
"Mozilla-Inbound-Non-PGO","Ubuntu HW 12.04 (e10s)","Talos Page Switch","2015-09-08 15:02:10","-266%","f1b54a9c9f9b645a86099c17d3c14e6f5a9f78ba"
"Firefox-Non-PGO","Ubuntu HW 12.04 x64","SVG-ASAP","2015-09-08 14:34:31","-3.27%","5ffdf825c27b21f83186438a1276b00330a5378a"
"Firefox","Ubuntu HW 12.04 (e10s)","tscroll-ASAP","2015-09-08 13:35:29","+6.15%","4801e8c36d002aa4d3d69d1d4180a92e0f32207b"
"B2g-Inbound","Android 4.0.4","Robocop Checkerboarding Real User Benchmark","2015-09-08 04:31:24","+63.7%","0470ac7361efbfb23a0d2f8c55bf23f1f95f841e"
"Firefox","Ubuntu HW 12.04 x64 (e10s)","tscroll-ASAP","2015-09-08 13:06:50","+7.55%","4801e8c36d002aa4d3d69d1d4180a92e0f32207b"
"B2g-Inbound","WINNT 6.2 x64","TP5 Scroll","2015-09-07 23:34:45","-3.95%","af46713a9610f037aa80c92f5acf5c66f425e2f9"
"B2g-Inbound","WINNT 6.2 x64","Devtools At Maximum Performance","2015-09-07 23:31:49","-3.27%","af46713a9610f037aa80c92f5acf5c66f425e2f9"
"B2g-Inbound","WINNT 6.2 x64","Session Restore Test","2015-09-07 23:34:35","-5.36%","af46713a9610f037aa80c92f5acf5c66f425e2f9"
"B2g-Inbound","WINNT 6.2 x64","Customization Animation Tests","2015-09-07 23:32:16","-3.71%","af46713a9610f037aa80c92f5acf5c66f425e2f9"
"B2g-Inbound","WINNT 6.2 x64","Tab Animation Test","2015-09-07 23:32:19","-3.9%","af46713a9610f037aa80c92f5acf5c66f425e2f9"
"B2g-Inbound","WINNT 6.2 x64","Session Restore no Auto Restore Test","2015-09-07 23:34:32","-3.98%","af46713a9610f037aa80c92f5acf5c66f425e2f9"
"Fx-Team","WINNT 6.2 x64 (e10s)","Devtools At Maximum Performance","2015-09-08 02:33:25","-5.45%","a70692ababcacb80a8c52536e610597f9c41446a"
"Mozilla-Inbound-Non-PGO","Ubuntu HW 12.04 x64 (e10s)","tscroll-ASAP","2015-09-09 23:07:05","-9.48%","5bb965937e246fe7d6017bba825902931727b095"
"Mozilla-Inbound-Non-PGO","Ubuntu HW 12.04 (e10s)","TP5 Scroll","2015-09-09 23:30:56","+3.37%","5bb965937e246fe7d6017bba825902931727b095"
"Mozilla-Inbound-Non-PGO","Ubuntu HW 12.04 (e10s)","tscroll-ASAP","2015-09-09 23:34:58","-7.68%","5bb965937e246fe7d6017bba825902931727b095"
"Firefox","WINNT 6.1 (ix)","Tp5 Optimized","2015-09-09 19:36:33","-5.12%","691b1524602d12afc2336474d8ddd4eff1476c4d"
"Firefox","WINNT 6.2 x64 (e10s)","TP5 Scroll","2015-09-09 20:30:35","-103%","691b1524602d12afc2336474d8ddd4eff1476c4d"
"Mozilla-Inbound","WINNT 6.1 (ix) (e10s)","Ts, Paint","2015-09-09 19:33:37","-2.32%","1af3c0789763f9ef2fb4af848b73c8ecb6a571de"
"Mozilla-Inbound","WINNT 6.1 (ix) (e10s)","Talos Page Switch","2015-09-09 19:34:19","-162%","1af3c0789763f9ef2fb4af848b73c8ecb6a571de"
"Mozilla-Inbound","WINNT 5.1 (e10s)","Talos Page Switch","2015-09-09 19:35:55","-237%","1af3c0789763f9ef2fb4af848b73c8ecb6a571de"
"Mozilla-Inbound","Ubuntu HW 12.04 x64 (e10s)","Talos Page Switch","2015-09-09 18:06:43","-251%","1af3c0789763f9ef2fb4af848b73c8ecb6a571de"
"Mozilla-Inbound","Ubuntu HW 12.04 (e10s)","Talos Page Switch","2015-09-09 18:32:34","-248%","1af3c0789763f9ef2fb4af848b73c8ecb6a571de"
"Firefox","Ubuntu HW 12.04 (e10s)","a11y Row Major MozAfterPaint","2015-09-09 17:07:36","-2.94%","691b1524602d12afc2336474d8ddd4eff1476c4d"
"Firefox","WINNT 6.2 x64","TP5 Scroll","2015-09-09 16:07:17","-4.08%","691b1524602d12afc2336474d8ddd4eff1476c4d"
"Firefox","WINNT 5.1 (e10s)","TP5 Scroll","2015-09-09 16:36:17","-246%","691b1524602d12afc2336474d8ddd4eff1476c4d"
"Firefox","WINNT 6.1 (ix) (e10s)","Tp5 Optimized","2015-09-09 15:37:19","-3.32%","691b1524602d12afc2336474d8ddd4eff1476c4d"
"Firefox","WINNT 6.1 (ix) (e10s)","TP5 Scroll","2015-09-09 16:04:46","-102%","691b1524602d12afc2336474d8ddd4eff1476c4d"
"Firefox","WINNT 6.1 (ix) (e10s)","Tp5 Optimized (Main RSS)","2015-09-09 15:37:13","+3.05%","691b1524602d12afc2336474d8ddd4eff1476c4d"
"Firefox","WINNT 6.1 (ix)","Devtools At Maximum Performance","2015-09-09 15:36:32","-4.89%","691b1524602d12afc2336474d8ddd4eff1476c4d"
"Firefox","WINNT 5.1 (e10s)","tscroll-ASAP","2015-09-09 15:36:48","-601%","691b1524602d12afc2336474d8ddd4eff1476c4d"
"Firefox","WINNT 6.1 (ix)","Talos Page Switch","2015-09-09 15:36:30","-2.6%","691b1524602d12afc2336474d8ddd4eff1476c4d"
"Firefox","WINNT 6.2 x64","Session Restore Test","2015-09-09 15:36:19","-6.34%","691b1524602d12afc2336474d8ddd4eff1476c4d"
"Firefox","WINNT 6.2 x64","Paint","2015-09-09 15:36:22","-3.85%","691b1524602d12afc2336474d8ddd4eff1476c4d"
"Firefox","WINNT 6.2 x64","Session Restore no Auto Restore Test","2015-09-09 15:36:17","-3.98%","691b1524602d12afc2336474d8ddd4eff1476c4d"
"Firefox","WINNT 6.2 x64 (e10s)","Tp5 Optimized","2015-09-09 15:35:47","-3.75%","691b1524602d12afc2336474d8ddd4eff1476c4d"
"Firefox","WINNT 5.1 (e10s)","CanvasMark","2015-09-09 15:36:13","-4.99%","691b1524602d12afc2336474d8ddd4eff1476c4d"
"Firefox","WINNT 6.2 x64 (e10s)","tscroll-ASAP","2015-09-09 15:34:40","-64.4%","691b1524602d12afc2336474d8ddd4eff1476c4d"
"Firefox","WINNT 6.2 x64 (e10s)","Tab Animation Test","2015-09-09 15:34:42","-4.22%","691b1524602d12afc2336474d8ddd4eff1476c4d"
"Firefox","WINNT 6.2 x64 (e10s)","Customization Animation Tests","2015-09-09 15:34:38","-2.29%","691b1524602d12afc2336474d8ddd4eff1476c4d"
"Firefox","WINNT 6.2 x64","Customization Animation Tests","2015-09-09 15:34:17","-3.75%","691b1524602d12afc2336474d8ddd4eff1476c4d"
"Firefox","WINNT 6.2 x64","Tab Animation Test","2015-09-09 15:34:22","-3.74%","691b1524602d12afc2336474d8ddd4eff1476c4d"
"Firefox","WINNT 5.1 (e10s)","Tp5 Optimized (Main RSS)","2015-09-09 15:33:55","+2.41%","691b1524602d12afc2336474d8ddd4eff1476c4d"
"Firefox","WINNT 6.1 (ix)","Session Restore Test","2015-09-09 15:33:38","-3.48%","691b1524602d12afc2336474d8ddd4eff1476c4d"
"Firefox","WINNT 6.1 (ix)","Session Restore no Auto Restore Test","2015-09-09 15:33:31","-3.88%","691b1524602d12afc2336474d8ddd4eff1476c4d"
"Firefox","WINNT 6.1 (ix)","Tab Animation Test","2015-09-09 15:31:02","-4.42%","691b1524602d12afc2336474d8ddd4eff1476c4d"
"Firefox","WINNT 6.1 (ix)","SVG-ASAP","2015-09-09 15:31:09","-4.54%","691b1524602d12afc2336474d8ddd4eff1476c4d"
"Firefox","WINNT 6.1 (ix) (e10s)","SVG, Opacity Row Major","2015-09-09 15:30:48","-8.5%","691b1524602d12afc2336474d8ddd4eff1476c4d"
"Firefox","WINNT 6.1 (ix) (e10s)","tscroll-ASAP","2015-09-09 15:30:45","-68.7%","691b1524602d12afc2336474d8ddd4eff1476c4d"
"Firefox","WINNT 6.1 (ix) (e10s)","Tab Animation Test","2015-09-09 15:30:46","-3.72%","691b1524602d12afc2336474d8ddd4eff1476c4d"
"Firefox","Ubuntu HW 12.04 (e10s)","SVG, Opacity Row Major","2015-09-09 13:08:40","-5.09%","691b1524602d12afc2336474d8ddd4eff1476c4d"
"Firefox","Ubuntu HW 12.04","tscroll-ASAP","2015-09-09 13:11:57","-2.49%","691b1524602d12afc2336474d8ddd4eff1476c4d"
"Firefox","Ubuntu HW 12.04","Tp5 Optimized","2015-09-09 13:05:51","-2.11%","691b1524602d12afc2336474d8ddd4eff1476c4d"
"Firefox","Ubuntu HW 12.04 (e10s)","Tp5 Optimized (Main RSS)","2015-09-09 13:02:24","+2.32%","691b1524602d12afc2336474d8ddd4eff1476c4d"
"Firefox","Ubuntu HW 12.04","Tp5 Optimized (Private Bytes)","2015-09-09 13:05:45","+4.83%","691b1524602d12afc2336474d8ddd4eff1476c4d"
"Firefox","Ubuntu HW 12.04 (e10s)","Tp5 Optimized (Private Bytes)","2015-09-09 13:02:20","+4.83%","691b1524602d12afc2336474d8ddd4eff1476c4d"
"Firefox","Ubuntu HW 12.04 x64 (e10s)","Tp5 Optimized (Main RSS)","2015-09-09 12:32:46","+3.08%","691b1524602d12afc2336474d8ddd4eff1476c4d"
"Firefox","Ubuntu HW 12.04 x64","Tp5 Optimized (Private Bytes)","2015-09-09 12:33:52","+3.69%","691b1524602d12afc2336474d8ddd4eff1476c4d"
"Mozilla-Beta","Ubuntu HW 12.04","SVG, Opacity Row Major","2015-09-09 10:34:35","+11.5%","54a42cdca2cb"
"Mozilla-Beta","Ubuntu HW 12.04 x64","SVG, Opacity Row Major","2015-09-09 10:33:09","+11%","54a42cdca2cb"
"Firefox","Ubuntu HW 12.04 x64 (e10s)","Tp5 Optimized (Private Bytes)","2015-09-09 12:32:44","+4.61%","691b1524602d12afc2336474d8ddd4eff1476c4d"
"Firefox","WINNT 6.1 (ix)","Customization Animation Tests","2015-09-09 08:04:03","-4.36%","7f987c38bd3e5ac9a834981e85378bdb02338e9d"
"Fx-Team","MacOSX 10.10 (e10s)","Talos Page Switch","2015-09-09 08:07:36","-368%","e556ecd514e0c3204cf13ed50f51aeb039f61a8e"
"Fx-Team-Non-PGO","WINNT 6.1 (ix) (e10s)","Talos Page Switch","2015-09-09 06:05:34","-221%","20cc75c647f1d3f8b4bc594b989f4cd0e73c9949"
"Fx-Team-Non-PGO","Ubuntu HW 12.04 x64","a11y Row Major MozAfterPaint","2015-09-09 05:34:08","+2.37%","20cc75c647f1d3f8b4bc594b989f4cd0e73c9949"
"Fx-Team-Non-PGO","WINNT 6.2 x64 (e10s)","Talos Page Switch","2015-09-09 05:32:14","-137%","20cc75c647f1d3f8b4bc594b989f4cd0e73c9949"
"Fx-Team","WINNT 6.2 x64","Customization Animation Tests","2015-09-07 20:32:22","-3.4%","a70692ababcacb80a8c52536e610597f9c41446a"
"Fx-Team","WINNT 6.2 x64","Tab Animation Test","2015-09-07 20:32:26","-2.81%","a70692ababcacb80a8c52536e610597f9c41446a"
"Fx-Team-Non-PGO","WINNT 6.2 x64 (e10s)","Devtools At Maximum Performance","2015-09-06 18:01:34","-5.76%","a70692ababcacb80a8c52536e610597f9c41446a"
"Fx-Team-Non-PGO","WINNT 6.2 x64","Devtools At Maximum Performance","2015-09-06 18:01:21","-6.45%","a70692ababcacb80a8c52536e610597f9c41446a"
"Fx-Team-Non-PGO","WINNT 6.2 x64","Talos Page Switch","2015-09-06 18:01:19","-2.14%","a70692ababcacb80a8c52536e610597f9c41446a"
"Fx-Team-Non-PGO","WINNT 6.1 (ix)","Tp5 Optimized","2015-09-06 17:35:35","-5.95%","a70692ababcacb80a8c52536e610597f9c41446a"
"Fx-Team-Non-PGO","WINNT 6.1 (ix) (e10s)","TP5 Scroll","2015-09-06 17:35:27","-57.6%","a70692ababcacb80a8c52536e610597f9c41446a"
"Fx-Team-Non-PGO","WINNT 6.1 (ix) (e10s)","Tp5 Optimized","2015-09-06 17:35:23","-5.41%","a70692ababcacb80a8c52536e610597f9c41446a"
"Fx-Team-Non-PGO","WINNT 6.1 (ix) (e10s)","Tp5 Optimized (Main RSS)","2015-09-06 17:34:56","+3.2%","a70692ababcacb80a8c52536e610597f9c41446a"
"Fx-Team-Non-PGO","WINNT 6.1 (ix) (e10s)","Tp5 Optimized (%CPU)","2015-09-06 17:35:00","-2.15%","a70692ababcacb80a8c52536e610597f9c41446a"
"Fx-Team-Non-PGO","WINNT 5.1 (e10s)","Tp5 Optimized (Main RSS)","2015-09-06 17:34:39","+2.54%","a70692ababcacb80a8c52536e610597f9c41446a"
"Mozilla-Inbound","WINNT 6.1 (ix) (e10s)","Tp5 Optimized (Main RSS)","2015-09-06 17:34:53","+3.33%","8b380feae2ae671ad5128bbd321fac1ede7d5c83"
"Fx-Team-Non-PGO","WINNT 5.1 (ix)","Devtools At Maximum Performance","2015-09-06 17:34:36","-5.81%","a70692ababcacb80a8c52536e610597f9c41446a"
"Mozilla-Inbound","WINNT 5.1 (e10s)","Tp5 Optimized (Main RSS)","2015-09-06 17:34:38","+2.47%","8b380feae2ae671ad5128bbd321fac1ede7d5c83"
"Fx-Team","WINNT 6.1 (ix) (e10s)","Ts, Paint","2015-09-07 17:04:03","-2.31%","a70692ababcacb80a8c52536e610597f9c41446a"
"Fx-Team","WINNT 5.1 (e10s)","CanvasMark","2015-09-07 17:03:28","-4.46%","a70692ababcacb80a8c52536e610597f9c41446a"
"Fx-Team","WINNT 6.1 (ix)","Tp5 Optimized","2015-09-07 17:03:59","-4.18%","a70692ababcacb80a8c52536e610597f9c41446a"
"Fx-Team","WINNT 6.1 (ix)","SVG, Opacity Row Major","2015-09-07 17:01:54","-2.65%","a70692ababcacb80a8c52536e610597f9c41446a"
"Fx-Team","WINNT 6.1 (ix)","SVG-ASAP","2015-09-07 17:01:56","-3.16%","a70692ababcacb80a8c52536e610597f9c41446a"
"Fx-Team","WINNT 6.1 (ix) (e10s)","Tab Animation Test","2015-09-07 17:01:34","-3.72%","a70692ababcacb80a8c52536e610597f9c41446a"
"B2g-Inbound","Ubuntu HW 12.04 x64","a11y Row Major MozAfterPaint","2015-09-07 17:00:58","-2.42%","538ccb262ec9f022b198d5fbe57a9c99c7eee9b7"
"B2g-Inbound","Ubuntu HW 12.04","Tp5 Optimized (Private Bytes)","2015-09-07 15:33:13","+4.4%","538ccb262ec9f022b198d5fbe57a9c99c7eee9b7"
"Fx-Team-Non-PGO","WINNT 6.2 x64","a11y Row Major MozAfterPaint","2015-09-07 10:35:37","-7.12%","a70692ababcacb80a8c52536e610597f9c41446a"
"Fx-Team-Non-PGO","WINNT 6.2 x64 (e10s)","Customization Animation Tests","2015-09-06 18:01:54","-4.83%","a70692ababcacb80a8c52536e610597f9c41446a"
"Fx-Team","WINNT 5.1 (e10s)","Tp5 Optimized (Main RSS)","2015-09-07 17:02:04","+2.67%","a70692ababcacb80a8c52536e610597f9c41446a"
"B2g-Inbound","WINNT 6.2 x64","Paint","2015-09-07 20:34:44","-2.64%","bd7b34996169596a1aed3221959ac3e2c93b58a8"
"Fx-Team","WINNT 6.2 x64","Ts, Paint","2015-09-07 20:34:46","-3.13%","a70692ababcacb80a8c52536e610597f9c41446a"
"Fx-Team","WINNT 6.2 x64","Session Restore no Auto Restore Test","2015-09-07 20:34:38","-3.28%","a70692ababcacb80a8c52536e610597f9c41446a"
"Fx-Team","WINNT 6.2 x64","Tp5 Optimized","2015-09-07 20:32:38","-4.47%","a70692ababcacb80a8c52536e610597f9c41446a"
"Mozilla-Inbound-Non-PGO","WINNT 5.1 (e10s)","CanvasMark","2015-09-10 16:01:27","+15.2%","68a75b51e3a51bf0f24d632923ebc8decc9fa90f"
"Fx-Team-Non-PGO","Ubuntu HW 12.04 (e10s)","TP5 Scroll","2015-09-10 17:03:01","+3.09%","dd2a1d737a64d9a3f23714ec5cc623ec8933b51f"
"Fx-Team","Ubuntu HW 12.04 x64 (e10s)","Talos Page Switch","2015-09-10 17:03:29","-251%","5f5ffdb6dba376015615bac236f5cba08f544edf"
"Fx-Team-Non-PGO","Ubuntu HW 12.04 x64 (e10s)","tscroll-ASAP","2015-09-10 17:04:14","-9.71%","dd2a1d737a64d9a3f23714ec5cc623ec8933b51f"
"Fx-Team","Ubuntu HW 12.04 (e10s)","Talos Page Switch","2015-09-10 17:37:08","-249%","5f5ffdb6dba376015615bac236f5cba08f544edf"
"Mozilla-Inbound-Non-PGO","WINNT 5.1 (ix)","CanvasMark","2015-09-10 18:04:06","+14.9%","47dc98dd7dbf07d231c805def31a6fb94002f21d"
"Fx-Team-Non-PGO","WINNT 6.2 x64 (e10s)","SVG, Opacity Row Major","2015-09-10 18:07:08","-3.18%","dd2a1d737a64d9a3f23714ec5cc623ec8933b51f"
"Fx-Team-Non-PGO","WINNT 6.2 x64 (e10s)","tscroll-ASAP","2015-09-06 18:01:56","-65%","a70692ababcacb80a8c52536e610597f9c41446a"
"Fx-Team-Non-PGO","WINNT 6.2 x64 (e10s)","Tab Animation Test","2015-09-06 18:01:58","-4.59%","a70692ababcacb80a8c52536e610597f9c41446a"
"Fx-Team-Non-PGO","WINNT 6.2 x64 (e10s)","SVG, Opacity Row Major","2015-09-06 18:02:00","-11.3%","a70692ababcacb80a8c52536e610597f9c41446a"
"Mozilla-Inbound","WINNT 6.1 (ix)","Ts, Paint","2015-09-06 19:00:43","-2.02%","8b380feae2ae671ad5128bbd321fac1ede7d5c83"
"Mozilla-Inbound","WINNT 6.1 (ix)","a11y Row Major MozAfterPaint","2015-09-06 19:00:46","-4.66%","8b380feae2ae671ad5128bbd321fac1ede7d5c83"
"Mozilla-Inbound","WINNT 6.1 (ix)","SVG-ASAP","2015-09-06 19:31:45","-3.18%","8b380feae2ae671ad5128bbd321fac1ede7d5c83"
"Fx-Team","WINNT 6.1 (ix)","Customization Animation Tests","2015-09-06 23:02:27","-3.07%","d3d166232d2d5244a89bbf16b0de23d4227d846a"
"Mozilla-Inbound-Non-PGO","Ubuntu HW 12.04","TResize","2015-09-07 04:03:54","+9.08%","45f93f97b68d24618f8ae73d7e9d919da76f00db"
"Fx-Team-Non-PGO","Ubuntu HW 12.04","Tp5 Optimized (Private Bytes)","2015-09-07 09:02:15","+4.45%","a70692ababcacb80a8c52536e610597f9c41446a"
"Fx-Team-Non-PGO","Ubuntu HW 12.04","Tp5 Optimized","2015-09-07 09:02:20","-2.49%","a70692ababcacb80a8c52536e610597f9c41446a"
"Mozilla-Inbound-Non-PGO","WINNT 6.2 x64","Paint","2015-09-07 09:06:57","+2.04%","56f5ffd44b7f13d5db5bd497018f428dcbb28fc4"
"Mozilla-Inbound-Non-PGO","WINNT 6.1 (ix)","Paint","2015-09-07 09:32:53","+2.27%","14207bf8e5b8032142e60207fdfb9c09cfc69ae5"
"Fx-Team-Non-PGO","Ubuntu HW 12.04 x64","Tp5 Optimized (Private Bytes)","2015-09-07 10:01:15","+3.75%","a70692ababcacb80a8c52536e610597f9c41446a"
"Fx-Team-Non-PGO","Ubuntu HW 12.04 x64","Tp5 Optimized","2015-09-07 10:01:19","-2.88%","a70692ababcacb80a8c52536e610597f9c41446a"
"Fx-Team-Non-PGO","Ubuntu HW 12.04 x64","Session Restore no Auto Restore Test","2015-09-07 10:03:00","-4.47%","a70692ababcacb80a8c52536e610597f9c41446a"
"Fx-Team-Non-PGO","Ubuntu HW 12.04 x64","Session Restore Test","2015-09-07 10:03:02","-3.54%","a70692ababcacb80a8c52536e610597f9c41446a"
"Fx-Team-Non-PGO","Ubuntu HW 12.04 x64","Ts, Paint","2015-09-07 10:03:08","-2.37%","a70692ababcacb80a8c52536e610597f9c41446a"
"Fx-Team-Non-PGO","Ubuntu HW 12.04 x64","a11y Row Major MozAfterPaint","2015-09-07 10:03:10","-4.02%","a70692ababcacb80a8c52536e610597f9c41446a"
"Fx-Team-Non-PGO","Ubuntu HW 12.04","V8 version 7","2015-09-07 10:03:55","+2.27%","3d945fc88b0108c5af7525c76df99977622e1a7a"
"Mozilla-Aurora","Ubuntu HW 12.04 x64","SVG, Opacity Row Major","2015-09-07 10:06:29","-12.8%","4fa21e75f4ee"
"Fx-Team-Non-PGO","WINNT 6.2 x64","Customization Animation Tests","2015-09-07 10:37:00","-4.58%","a70692ababcacb80a8c52536e610597f9c41446a"
"Fx-Team-Non-PGO","WINNT 6.2 x64","Tab Animation Test","2015-09-07 10:37:04","-5.39%","a70692ababcacb80a8c52536e610597f9c41446a"
"Fx-Team-Non-PGO","WINNT 6.2 x64","SVG, Opacity Row Major","2015-09-07 10:37:06","-5.12%","a70692ababcacb80a8c52536e610597f9c41446a"
"Fx-Team-Non-PGO","WINNT 6.2 x64","SVG-ASAP","2015-09-07 10:37:09","-4.83%","a70692ababcacb80a8c52536e610597f9c41446a"
"Fx-Team-Non-PGO","WINNT 6.2 x64 (e10s)","TP5 Scroll","2015-09-07 11:05:35","-71%","a70692ababcacb80a8c52536e610597f9c41446a"
"Fx-Team-Non-PGO","WINNT 6.2 x64","Tp5 Optimized","2015-09-07 10:31:18","-5.26%","a70692ababcacb80a8c52536e610597f9c41446a"
"Mozilla-Aurora","Ubuntu HW 12.04","SVG, Opacity Row Major","2015-09-07 10:32:04","-11.1%","4fa21e75f4ee"
"Fx-Team-Non-PGO","Ubuntu HW 12.04 (e10s)","Tp5 Optimized (Private Bytes)","2015-09-07 10:33:57","+4.74%","a70692ababcacb80a8c52536e610597f9c41446a"
"Fx-Team-Non-PGO","Ubuntu HW 12.04 (e10s)","Tp5 Optimized","2015-09-07 10:34:01","-2.78%","a70692ababcacb80a8c52536e610597f9c41446a"
"Fx-Team-Non-PGO","WINNT 6.2 x64","Session Restore no Auto Restore Test","2015-09-07 10:35:25","-5.12%","a70692ababcacb80a8c52536e610597f9c41446a"
"Fx-Team-Non-PGO","WINNT 6.2 x64","Session Restore Test","2015-09-07 10:35:27","-4.74%","a70692ababcacb80a8c52536e610597f9c41446a"
"Fx-Team-Non-PGO","WINNT 6.2 x64","Paint","2015-09-07 10:35:30","-2.87%","a70692ababcacb80a8c52536e610597f9c41446a"
"Fx-Team-Non-PGO","WINNT 6.2 x64","Ts, Paint","2015-09-07 10:35:32","-4.46%","a70692ababcacb80a8c52536e610597f9c41446a"
"Fx-Team","WINNT 6.1 (ix) (e10s)","Tp5 Optimized (Main RSS)","2015-09-07 17:01:58","+3.21%","a70692ababcacb80a8c52536e610597f9c41446a"
"Fx-Team-Non-PGO","WINNT 6.2 x64","TP5 Scroll","2015-09-07 10:35:40","-4.94%","a70692ababcacb80a8c52536e610597f9c41446a"
"Fx-Team","WINNT 6.1 (ix) (e10s)","Customization Animation Tests","2015-09-07 14:30:39","-2.15%","69bd898471ce3a95f4ff24fd494d7ff8ed275782"
"Fx-Team","Ubuntu HW 12.04 (e10s)","Tp5 Optimized (Private Bytes)","2015-09-07 15:31:53","+5.12%","a70692ababcacb80a8c52536e610597f9c41446a"
"Fx-Team","Ubuntu HW 12.04 (e10s)","Tp5 Optimized (Main RSS)","2015-09-07 15:31:55","+2.38%","a70692ababcacb80a8c52536e610597f9c41446a"
"Fx-Team","Ubuntu HW 12.04 x64 (e10s)","Tp5 Optimized (Private Bytes)","2015-09-07 15:32:59","+4.52%","a70692ababcacb80a8c52536e610597f9c41446a"
"Fx-Team","Ubuntu HW 12.04 x64 (e10s)","Tp5 Optimized (Main RSS)","2015-09-07 15:33:07","+4.14%","a70692ababcacb80a8c52536e610597f9c41446a"
"Fx-Team-Non-PGO","WINNT 6.1 (ix)","Tp5 Optimized (%CPU)","2015-09-06 17:35:32","-2.03%","a70692ababcacb80a8c52536e610597f9c41446a"
"Mozilla-Inbound","Ubuntu HW 12.04 x64","Tp5 Optimized (Private Bytes)","2015-09-06 01:00:42","+4.16%","8b380feae2ae671ad5128bbd321fac1ede7d5c83"
"Mozilla-Inbound","Ubuntu HW 12.04 x64 (e10s)","Tp5 Optimized (Private Bytes)","2015-09-06 01:31:39","+4.85%","8b380feae2ae671ad5128bbd321fac1ede7d5c83"
"Mozilla-Inbound","Ubuntu HW 12.04 x64 (e10s)","Tp5 Optimized (Main RSS)","2015-09-06 01:31:42","+3.43%","8b380feae2ae671ad5128bbd321fac1ede7d5c83"
"Mozilla-Inbound","Ubuntu HW 12.04","a11y Row Major MozAfterPaint","2015-09-06 02:01:11","-3.23%","8b380feae2ae671ad5128bbd321fac1ede7d5c83"
"Mozilla-Inbound","Ubuntu HW 12.04 (e10s)","Tp5 Optimized (Private Bytes)","2015-09-06 02:32:06","+4.97%","8b380feae2ae671ad5128bbd321fac1ede7d5c83"
"Mozilla-Inbound","Ubuntu HW 12.04 (e10s)","Tp5 Optimized (Main RSS)","2015-09-06 02:32:08","+2.02%","8b380feae2ae671ad5128bbd321fac1ede7d5c83"
"Mozilla-Inbound","Ubuntu HW 12.04","Tp5 Optimized (Private Bytes)","2015-09-06 08:01:01","+4.09%","8b380feae2ae671ad5128bbd321fac1ede7d5c83"
"Mozilla-Inbound","Ubuntu HW 12.04","Session Restore Test","2015-09-06 08:02:01","-2.24%","8b380feae2ae671ad5128bbd321fac1ede7d5c83"
"Mozilla-Inbound","Ubuntu HW 12.04","tscroll-ASAP","2015-09-06 08:34:13","-2.63%","8b380feae2ae671ad5128bbd321fac1ede7d5c83"
"Mozilla-Inbound","Ubuntu HW 12.04","SVG-ASAP","2015-09-06 08:34:19","-2.29%","8b380feae2ae671ad5128bbd321fac1ede7d5c83"
"Mozilla-Inbound","WINNT 6.2 x64","Session Restore no Auto Restore Test","2015-09-06 11:00:54","-3.98%","8b380feae2ae671ad5128bbd321fac1ede7d5c83"
"Mozilla-Inbound","WINNT 6.2 x64","TP5 Scroll","2015-09-06 11:01:07","-4.47%","8b380feae2ae671ad5128bbd321fac1ede7d5c83"
"Mozilla-Inbound","WINNT 6.2 x64 (e10s)","Ts, Paint","2015-09-06 11:01:21","-2.82%","8b380feae2ae671ad5128bbd321fac1ede7d5c83"
"Mozilla-Inbound","WINNT 6.2 x64 (e10s)","Devtools At Maximum Performance","2015-09-06 11:01:49","-5.83%","8b380feae2ae671ad5128bbd321fac1ede7d5c83"
"Mozilla-Inbound","WINNT 6.2 x64 (e10s)","Customization Animation Tests","2015-09-06 11:01:54","-3.03%","8b380feae2ae671ad5128bbd321fac1ede7d5c83"
"Mozilla-Inbound","WINNT 6.2 x64 (e10s)","Tab Animation Test","2015-09-06 11:01:57","-4.36%","8b380feae2ae671ad5128bbd321fac1ede7d5c83"
"Mozilla-Inbound","WINNT 6.2 x64 (e10s)","SVG, Opacity Row Major","2015-09-06 11:01:59","-10.3%","8b380feae2ae671ad5128bbd321fac1ede7d5c83"
"Mozilla-Inbound","WINNT 6.2 x64","Customization Animation Tests","2015-09-06 11:02:15","-3.91%","8b380feae2ae671ad5128bbd321fac1ede7d5c83"
"Mozilla-Inbound","WINNT 6.2 x64","Tab Animation Test","2015-09-06 11:02:18","-3.62%","8b380feae2ae671ad5128bbd321fac1ede7d5c83"
"Mozilla-Inbound","WINNT 6.2 x64","Tp5 Optimized","2015-09-06 11:03:02","-4.39%","8b380feae2ae671ad5128bbd321fac1ede7d5c83"
"Fx-Team-Non-PGO","Ubuntu HW 12.04","Ts, Paint","2015-09-06 15:02:16","-2.52%","9d35eca4bc3a8d021c07298f804273ef6c6661c9"
"Fx-Team-Non-PGO","Ubuntu HW 12.04 x64 (e10s)","Ts, Paint","2015-09-06 15:03:16","-3.3%","9d35eca4bc3a8d021c07298f804273ef6c6661c9"
"Fx-Team-Non-PGO","Ubuntu HW 12.04","Session Restore no Auto Restore Test","2015-09-06 16:34:12","-3.21%","a70692ababcacb80a8c52536e610597f9c41446a"
"Fx-Team-Non-PGO","Ubuntu HW 12.04","Session Restore Test","2015-09-06 16:34:15","-3.45%","a70692ababcacb80a8c52536e610597f9c41446a"
"Fx-Team-Non-PGO","Ubuntu HW 12.04","a11y Row Major MozAfterPaint","2015-09-06 16:34:23","-2.61%","a70692ababcacb80a8c52536e610597f9c41446a"
"Fx-Team-Non-PGO","Ubuntu HW 12.04 (e10s)","Ts, Paint","2015-09-06 16:34:40","-4.16%","a70692ababcacb80a8c52536e610597f9c41446a"
"Fx-Team-Non-PGO","Ubuntu HW 12.04 (e10s)","a11y Row Major MozAfterPaint","2015-09-06 16:34:43","-2.93%","a70692ababcacb80a8c52536e610597f9c41446a"
"Fx-Team-Non-PGO","Ubuntu HW 12.04 x64 (e10s)","a11y Row Major MozAfterPaint","2015-09-06 16:36:24","-4.34%","a70692ababcacb80a8c52536e610597f9c41446a"
"Fx-Team-Non-PGO","Ubuntu HW 12.04 x64 (e10s)","TP5 Scroll","2015-09-06 17:01:19","-2.32%","a70692ababcacb80a8c52536e610597f9c41446a"
"Fx-Team-Non-PGO","Ubuntu HW 12.04 (e10s)","Tab Animation Test","2015-09-06 17:02:36","-3.35%","a70692ababcacb80a8c52536e610597f9c41446a"
"Fx-Team-Non-PGO","Ubuntu HW 12.04 (e10s)","SVG, Opacity Row Major","2015-09-06 17:02:38","-5.69%","a70692ababcacb80a8c52536e610597f9c41446a"
"Fx-Team-Non-PGO","Ubuntu HW 12.04 (e10s)","SVG-ASAP","2015-09-06 17:02:40","-2.69%","a70692ababcacb80a8c52536e610597f9c41446a"
"Fx-Team-Non-PGO","Ubuntu HW 12.04","Tab Animation Test","2015-09-06 17:02:46","-4.03%","a70692ababcacb80a8c52536e610597f9c41446a"
"Fx-Team-Non-PGO","Ubuntu HW 12.04","SVG, Opacity Row Major","2015-09-06 17:02:48","-4.13%","a70692ababcacb80a8c52536e610597f9c41446a"
"Fx-Team-Non-PGO","Ubuntu HW 12.04 x64 (e10s)","Devtools At Maximum Performance","2015-09-06 17:03:10","-2.46%","a70692ababcacb80a8c52536e610597f9c41446a"
"Fx-Team-Non-PGO","Ubuntu HW 12.04 x64 (e10s)","Tab Animation Test","2015-09-06 17:03:53","-2.69%","a70692ababcacb80a8c52536e610597f9c41446a"
"Fx-Team-Non-PGO","Ubuntu HW 12.04 x64 (e10s)","SVG, Opacity Row Major","2015-09-06 17:03:55","-6.19%","a70692ababcacb80a8c52536e610597f9c41446a"
"Fx-Team-Non-PGO","Ubuntu HW 12.04 x64 (e10s)","SVG-ASAP","2015-09-06 17:03:58","-3.49%","a70692ababcacb80a8c52536e610597f9c41446a"
"Fx-Team-Non-PGO","Ubuntu HW 12.04 x64","Tab Animation Test","2015-09-06 17:04:04","-2.32%","a70692ababcacb80a8c52536e610597f9c41446a"
"Fx-Team-Non-PGO","Ubuntu HW 12.04 x64 (e10s)","Tp5 Optimized (Private Bytes)","2015-09-06 17:04:55","+4.4%","a70692ababcacb80a8c52536e610597f9c41446a"
"Fx-Team-Non-PGO","Ubuntu HW 12.04 x64 (e10s)","Tp5 Optimized (Main RSS)","2015-09-06 17:04:57","+3.79%","a70692ababcacb80a8c52536e610597f9c41446a"
"Fx-Team-Non-PGO","Ubuntu HW 12.04 x64 (e10s)","Tp5 Optimized","2015-09-06 17:04:59","-3.03%","a70692ababcacb80a8c52536e610597f9c41446a"
"Mozilla-Inbound","WINNT 5.1 (e10s)","CanvasMark","2015-09-06 17:05:01","-5.1%","8b380feae2ae671ad5128bbd321fac1ede7d5c83"
"Fx-Team-Non-PGO","WINNT 5.1 (e10s)","CanvasMark","2015-09-06 17:05:04","-4.83%","a70692ababcacb80a8c52536e610597f9c41446a"
"Mozilla-Inbound","WINNT 6.1 (ix)","Session Restore no Auto Restore Test","2015-09-06 17:06:15","-3.22%","8b380feae2ae671ad5128bbd321fac1ede7d5c83"
"Fx-Team-Non-PGO","WINNT 6.1 (ix)","Session Restore no Auto Restore Test","2015-09-06 17:06:16","-5.45%","a70692ababcacb80a8c52536e610597f9c41446a"
"Fx-Team-Non-PGO","WINNT 6.1 (ix)","Session Restore Test","2015-09-06 17:06:19","-5.28%","a70692ababcacb80a8c52536e610597f9c41446a"
"Mozilla-Inbound","WINNT 6.1 (ix)","Session Restore Test","2015-09-06 17:06:18","-2.35%","8b380feae2ae671ad5128bbd321fac1ede7d5c83"
"Fx-Team-Non-PGO","WINNT 6.1 (ix)","Paint","2015-09-06 17:06:23","-4.6%","a70692ababcacb80a8c52536e610597f9c41446a"
"Fx-Team-Non-PGO","WINNT 6.1 (ix)","Ts, Paint","2015-09-06 17:06:27","-4.78%","a70692ababcacb80a8c52536e610597f9c41446a"
"Fx-Team-Non-PGO","WINNT 6.1 (ix)","a11y Row Major MozAfterPaint","2015-09-06 17:06:30","-6.99%","a70692ababcacb80a8c52536e610597f9c41446a"
"Fx-Team-Non-PGO","WINNT 6.1 (ix) (e10s)","Paint","2015-09-06 17:06:41","-4.82%","a70692ababcacb80a8c52536e610597f9c41446a"
"Fx-Team-Non-PGO","WINNT 6.1 (ix) (e10s)","Ts, Paint","2015-09-06 17:06:45","-4.77%","a70692ababcacb80a8c52536e610597f9c41446a"
"Fx-Team-Non-PGO","WINNT 6.1 (ix) (e10s)","a11y Row Major MozAfterPaint","2015-09-06 17:06:49","-7.52%","a70692ababcacb80a8c52536e610597f9c41446a"
"Fx-Team-Non-PGO","WINNT 6.2 x64 (e10s)","SVG-ASAP","2015-09-06 18:02:02","-7.36%","a70692ababcacb80a8c52536e610597f9c41446a"
"Fx-Team-Non-PGO","WINNT 6.2 x64 (e10s)","Tp5 Optimized","2015-09-06 18:02:05","-5.41%","a70692ababcacb80a8c52536e610597f9c41446a"
"Fx-Team-Non-PGO","WINNT 5.1 (e10s)","TP5 Scroll","2015-09-06 18:02:40","-201%","a70692ababcacb80a8c52536e610597f9c41446a"
"Fx-Team-Non-PGO","WINNT 6.2 x64 (e10s)","Ts, Paint","2015-09-06 18:02:56","-4.02%","a70692ababcacb80a8c52536e610597f9c41446a"
"Fx-Team-Non-PGO","WINNT 6.2 x64 (e10s)","a11y Row Major MozAfterPaint","2015-09-06 18:02:58","-7.66%","a70692ababcacb80a8c52536e610597f9c41446a"
"Fx-Team-Non-PGO","WINNT 5.1 (e10s)","Customization Animation Tests","2015-09-06 17:31:28","-3.59%","a70692ababcacb80a8c52536e610597f9c41446a"
"Fx-Team-Non-PGO","WINNT 5.1 (e10s)","tscroll-ASAP","2015-09-06 17:31:30","-588%","a70692ababcacb80a8c52536e610597f9c41446a"
"Fx-Team-Non-PGO","WINNT 5.1 (e10s)","Tab Animation Test","2015-09-06 17:31:32","-5.43%","a70692ababcacb80a8c52536e610597f9c41446a"
"Fx-Team-Non-PGO","WINNT 5.1 (ix)","TP5 Scroll","2015-09-06 17:31:41","-6.26%","a70692ababcacb80a8c52536e610597f9c41446a"
"Mozilla-Inbound","WINNT 6.1 (ix)","TP5 Scroll","2015-09-06 17:31:47","-3.64%","8b380feae2ae671ad5128bbd321fac1ede7d5c83"
"Fx-Team-Non-PGO","WINNT 6.1 (ix)","TP5 Scroll","2015-09-06 17:31:48","-6.42%","a70692ababcacb80a8c52536e610597f9c41446a"
"Fx-Team-Non-PGO","Ubuntu HW 12.04 (e10s)","TP5 Scroll","2015-09-06 17:32:20","-2.64%","a70692ababcacb80a8c52536e610597f9c41446a"
"Fx-Team-Non-PGO","WINNT 6.1 (ix) (e10s)","Devtools At Maximum Performance","2015-09-06 17:33:17","-7.44%","a70692ababcacb80a8c52536e610597f9c41446a"
"Mozilla-Inbound","WINNT 6.1 (ix) (e10s)","Devtools At Maximum Performance","2015-09-06 17:33:16","-2.93%","8b380feae2ae671ad5128bbd321fac1ede7d5c83"
"Fx-Team-Non-PGO","WINNT 6.1 (ix)","Devtools At Maximum Performance","2015-09-06 17:33:20","-6.43%","a70692ababcacb80a8c52536e610597f9c41446a"
"Fx-Team-Non-PGO","WINNT 5.1 (ix)","Tab Animation Test","2015-09-06 17:33:36","-3.85%","a70692ababcacb80a8c52536e610597f9c41446a"
"Mozilla-Inbound","WINNT 5.1 (e10s)","Devtools At Maximum Performance","2015-09-06 17:33:43","-3.9%","8b380feae2ae671ad5128bbd321fac1ede7d5c83"
"Fx-Team-Non-PGO","WINNT 5.1 (e10s)","Devtools At Maximum Performance","2015-09-06 17:33:44","-7.24%","a70692ababcacb80a8c52536e610597f9c41446a"
"Fx-Team-Non-PGO","WINNT 6.1 (ix) (e10s)","Customization Animation Tests","2015-09-06 17:33:46","-5.28%","a70692ababcacb80a8c52536e610597f9c41446a"
"Fx-Team-Non-PGO","WINNT 6.1 (ix) (e10s)","tscroll-ASAP","2015-09-06 17:33:48","-70.4%","a70692ababcacb80a8c52536e610597f9c41446a"
"Mozilla-Inbound","WINNT 6.1 (ix) (e10s)","Tab Animation Test","2015-09-06 17:33:50","-3.33%","8b380feae2ae671ad5128bbd321fac1ede7d5c83"
"Fx-Team-Non-PGO","WINNT 6.1 (ix) (e10s)","SVG, Opacity Row Major","2015-09-06 17:33:53","-8.83%","a70692ababcacb80a8c52536e610597f9c41446a"
"Fx-Team-Non-PGO","WINNT 6.1 (ix) (e10s)","SVG-ASAP","2015-09-06 17:33:55","-5.38%","a70692ababcacb80a8c52536e610597f9c41446a"
"Fx-Team-Non-PGO","WINNT 6.1 (ix) (e10s)","Tab Animation Test","2015-09-06 17:33:51","-5.81%","a70692ababcacb80a8c52536e610597f9c41446a"
"Mozilla-Inbound","WINNT 6.1 (ix)","Customization Animation Tests","2015-09-06 17:34:23","-2.89%","8b380feae2ae671ad5128bbd321fac1ede7d5c83"
"Fx-Team-Non-PGO","WINNT 6.1 (ix)","Customization Animation Tests","2015-09-06 17:34:24","-5.4%","a70692ababcacb80a8c52536e610597f9c41446a"
"Fx-Team-Non-PGO","WINNT 6.1 (ix)","tscroll-ASAP","2015-09-06 17:34:26","-4.13%","a70692ababcacb80a8c52536e610597f9c41446a"
"Fx-Team-Non-PGO","WINNT 6.1 (ix)","Tab Animation Test","2015-09-06 17:34:28","-5.92%","a70692ababcacb80a8c52536e610597f9c41446a"
"Mozilla-Inbound","WINNT 6.1 (ix)","SVG, Opacity Row Major","2015-09-06 17:34:30","-2.29%","8b380feae2ae671ad5128bbd321fac1ede7d5c83"
"Fx-Team-Non-PGO","WINNT 6.1 (ix)","SVG, Opacity Row Major","2015-09-06 17:34:31","-4.09%","a70692ababcacb80a8c52536e610597f9c41446a"
"Fx-Team-Non-PGO","WINNT 6.1 (ix)","SVG-ASAP","2015-09-06 17:34:33","-5.25%","a70692ababcacb80a8c52536e610597f9c41446a"
"Firefox","WINNT 6.2 x64 (e10s)","Devtools At Maximum Performance","2015-09-10 05:03:19","-5%","691b1524602d12afc2336474d8ddd4eff1476c4d"
"Mozilla-Inbound","WINNT 6.2 x64 (e10s)","Talos Page Switch","2015-09-10 05:37:00","-106%","1af3c0789763f9ef2fb4af848b73c8ecb6a571de"
"Fx-Team","WINNT 6.2 x64","Session Restore Test","2015-09-10 20:07:34","-2.13%","5f5ffdb6dba376015615bac236f5cba08f544edf"
"Fx-Team","WINNT 6.2 x64 (e10s)","Ts, Paint","2015-09-10 20:07:47","-2.31%","5f5ffdb6dba376015615bac236f5cba08f544edf"
"Fx-Team","WINNT 6.2 x64 (e10s)","Talos Page Switch","2015-09-10 20:08:35","-109%","5f5ffdb6dba376015615bac236f5cba08f544edf"
"Fx-Team","WINNT 5.1 (e10s)","Talos Page Switch","2015-09-10 20:36:50","-235%","5f5ffdb6dba376015615bac236f5cba08f544edf"
"Fx-Team","WINNT 6.1 (ix) (e10s)","Talos Page Switch","2015-09-10 20:37:03","-161%","5f5ffdb6dba376015615bac236f5cba08f544edf"
"Firefox","MacOSX 10.10 (e10s)","Talos Page Switch","2015-09-10 23:08:10","-357%","b23b2fa33a9dcda59dbbca1d157eca3c32c5b862"
"Mozilla-Inbound","Ubuntu HW 12.04 (e10s)","tscroll-ASAP","2015-09-11 04:01:25","-7.19%","8480dd03b9c19cd3be93ac0b274bb83f29b1610a"
"Mozilla-Inbound","Ubuntu HW 12.04 x64 (e10s)","tscroll-ASAP","2015-09-11 04:02:42","-6.33%","8480dd03b9c19cd3be93ac0b274bb83f29b1610a"
"Mozilla-Inbound","Ubuntu HW 12.04 (e10s)","TP5 Scroll","2015-09-11 04:00:38","-4.46%","8480dd03b9c19cd3be93ac0b274bb83f29b1610a"
"Mozilla-Inbound","Ubuntu HW 12.04 x64 (e10s)","TP5 Scroll","2015-09-11 04:01:21","-5.57%","8480dd03b9c19cd3be93ac0b274bb83f29b1610a"
"Mozilla-Inbound-Non-PGO","Ubuntu HW 12.04 (e10s)","Tp5 Optimized (XRes)","2015-09-11 07:08:06","+2.67%","68ca35b8034bb4cb2d2aab24790fb961800c28e1"
"Mozilla-Inbound-Non-PGO","Ubuntu HW 12.04 x64","Devtools At Maximum Performance","2015-09-11 07:37:33","+4.66%","0a18e5db95a4505d26260e6690a3e6241f0e16de"
"Fx-Team","Ubuntu HW 12.04 x64 (e10s)","TP5 Scroll","2015-09-11 11:02:29","-6%","c638ef3e2f2077dde2c1d9a174bf4bddc2e20714"
"Fx-Team","Ubuntu HW 12.04 x64 (e10s)","tscroll-ASAP","2015-09-11 11:04:56","-6.46%","c638ef3e2f2077dde2c1d9a174bf4bddc2e20714"
"Fx-Team","Ubuntu HW 12.04 (e10s)","tscroll-ASAP","2015-09-11 11:08:36","-7.01%","c638ef3e2f2077dde2c1d9a174bf4bddc2e20714"
"Mozilla-Inbound-Non-PGO","WINNT 6.1 (ix) (e10s)","CanvasMark","2015-09-11 18:33:00","+2.03%","4e7857ca5bfad5fc41df3b192f983977fd14c545"
"Mozilla-Inbound-Non-PGO","Ubuntu HW 12.04 x64 (e10s)","SVG, Opacity Row Major","2015-09-11 18:33:43","-3.5%","9394c5f63b56b784dcdb9f70fa0b7f428bdf4d8c"
"Fx-Team","Ubuntu HW 12.04 (e10s)","TP5 Scroll","2015-09-11 18:35:34","-4.18%","c638ef3e2f2077dde2c1d9a174bf4bddc2e20714"
"Mozilla-Inbound","Android 4.0.4","Robocop Checkerboarding Real User Benchmark","2015-09-11 18:36:14","+53%","9394c5f63b56b784dcdb9f70fa0b7f428bdf4d8c"
"Mozilla-Inbound","MacOSX 10.10","tscroll-ASAP","2015-09-11 21:02:35","-6.72%","9c1c2581ad6501c9a8a36920043856d46ec19c20"
"Mozilla-Inbound","WINNT 5.1 (e10s)","CanvasMark","2015-09-12 02:33:20","+13.4%","a530b8b339b4967d2935be5af7242aed35b982d1"
"Fx-Team-Non-PGO","WINNT 5.1 (e10s)","CanvasMark","2015-09-12 05:04:14","+12.8%","a5940e145cf88632a410b3a44a15158dc2dd31d9"
"Fx-Team-Non-PGO","WINNT 5.1 (e10s)","CanvasMark","2015-09-12 06:34:57","+13.5%","ea0f3fa6453fc3c1555fd1b6dd8427834ca279f6"
"Mozilla-Inbound","Android 4.0.4","Robocop Checkerboarding Real User Benchmark","2015-09-12 08:03:20","-145%","6e0f7cb0fc3a70d6d5c4e519495a5f4e37d600d8"
"Firefox","WINNT 6.2 x64 (e10s)","Talos Page Switch","2015-09-12 11:04:12","-105%","b23b2fa33a9dcda59dbbca1d157eca3c32c5b862"
"Firefox","Ubuntu HW 12.04 x64 (e10s)","Talos Page Switch","2015-09-12 12:32:54","-252%","b23b2fa33a9dcda59dbbca1d157eca3c32c5b862"
"Firefox","Ubuntu HW 12.04 (e10s)","Talos Page Switch","2015-09-12 13:31:12","-245%","b23b2fa33a9dcda59dbbca1d157eca3c32c5b862"
"Firefox","WINNT 6.1 (ix) (e10s)","Talos Page Switch","2015-09-12 15:03:15","-161%","b23b2fa33a9dcda59dbbca1d157eca3c32c5b862"
"Firefox","WINNT 5.1 (e10s)","Talos Page Switch","2015-09-12 15:03:28","-242%","b23b2fa33a9dcda59dbbca1d157eca3c32c5b862"
"Fx-Team-Non-PGO","WINNT 5.1 (ix)","CanvasMark","2015-09-12 18:02:08","+15.4%","ea0f3fa6453fc3c1555fd1b6dd8427834ca279f6"
"Firefox","Ubuntu HW 12.04 x64 (e10s)","TP5 Scroll","2015-09-13 13:00:44","-5.66%","dd2a1d737a64d9a3f23714ec5cc623ec8933b51f"
"Firefox","Ubuntu HW 12.04 (e10s)","tscroll-ASAP","2015-09-13 13:01:06","-6.89%","dd2a1d737a64d9a3f23714ec5cc623ec8933b51f"
"Firefox","Ubuntu HW 12.04 x64 (e10s)","tscroll-ASAP","2015-09-13 13:03:00","-8.24%","dd2a1d737a64d9a3f23714ec5cc623ec8933b51f"
"Firefox","Ubuntu HW 12.04 (e10s)","TP5 Scroll","2015-09-13 13:33:40","-3.47%","dd2a1d737a64d9a3f23714ec5cc623ec8933b51f"
"Firefox","MacOSX 10.10 (e10s)","CanvasMark","2015-09-13 20:32:36","+16%","19f806034f67e8fc84b352db10f1a21ab982670f"
"Firefox-Non-PGO","WINNT 5.1 (e10s)","CanvasMark","2015-09-14 13:03:57","+15.7%","19f806034f67e8fc84b352db10f1a21ab982670f"
"Firefox-Non-PGO","WINNT 5.1 (ix)","CanvasMark","2015-09-14 13:05:55","+16.7%","19f806034f67e8fc84b352db10f1a21ab982670f"
"Fx-Team","WINNT 6.2 x64","Session Restore Test","2015-09-07 20:34:40","-3.4%","a70692ababcacb80a8c52536e610597f9c41446a"
"Fx-Team","WINNT 6.1 (ix) (e10s)","a11y Row Major MozAfterPaint","2015-09-07 17:04:06","-6.12%","a70692ababcacb80a8c52536e610597f9c41446a"
"Fx-Team","WINNT 6.1 (ix)","Session Restore no Auto Restore Test","2015-09-07 17:06:15","-2.94%","a70692ababcacb80a8c52536e610597f9c41446a"
"Fx-Team","WINNT 6.1 (ix)","Session Restore Test","2015-09-07 17:06:18","-2.85%","a70692ababcacb80a8c52536e610597f9c41446a"
"Fx-Team","WINNT 6.1 (ix)","Ts, Paint","2015-09-07 17:06:22","-2.53%","a70692ababcacb80a8c52536e610597f9c41446a"
"B2g-Inbound","WINNT 6.1 (ix)","Customization Animation Tests","2015-09-07 17:32:51","-3.76%","538ccb262ec9f022b198d5fbe57a9c99c7eee9b7"
"B2g-Inbound","WINNT 6.1 (ix)","Tab Animation Test","2015-09-07 17:32:55","-3.68%","538ccb262ec9f022b198d5fbe57a9c99c7eee9b7"
"B2g-Inbound","WINNT 6.1 (ix)","Tp5 Optimized","2015-09-07 17:33:17","-5.23%","538ccb262ec9f022b198d5fbe57a9c99c7eee9b7"
"Fx-Team","Ubuntu HW 12.04","Tp5 Optimized (Private Bytes)","2015-09-07 17:33:24","+4.42%","a70692ababcacb80a8c52536e610597f9c41446a"
"Fx-Team","WINNT 6.1 (ix) (e10s)","TP5 Scroll","2015-09-07 17:34:12","-108%","a70692ababcacb80a8c52536e610597f9c41446a"
"Fx-Team","WINNT 6.2 x64","a11y Row Major MozAfterPaint","2015-09-07 20:34:48","-5.93%","a70692ababcacb80a8c52536e610597f9c41446a"
"Fx-Team","WINNT 6.2 x64 (e10s)","Ts, Paint","2015-09-07 20:35:25","-3.04%","a70692ababcacb80a8c52536e610597f9c41446a"
"Fx-Team","WINNT 6.2 x64 (e10s)","a11y Row Major MozAfterPaint","2015-09-07 20:35:27","-5.72%","a70692ababcacb80a8c52536e610597f9c41446a"
"Fx-Team","WINNT 6.2 x64 (e10s)","TP5 Scroll","2015-09-07 21:30:43","-110%","a70692ababcacb80a8c52536e610597f9c41446a"
"Fx-Team","WINNT 6.1 (ix) (e10s)","SVG, Opacity Row Major","2015-09-07 17:01:35","-8.04%","a70692ababcacb80a8c52536e610597f9c41446a"
"Fx-Team","WINNT 6.1 (ix) (e10s)","tscroll-ASAP","2015-09-07 17:01:32","-71.7%","a70692ababcacb80a8c52536e610597f9c41446a"
"Fx-Team","WINNT 6.1 (ix)","a11y Row Major MozAfterPaint","2015-09-07 17:06:25","-6.3%","a70692ababcacb80a8c52536e610597f9c41446a"
"B2g-Inbound","Ubuntu HW 12.04 x64","Talos Page Switch","2015-09-07 15:34:12","+3.07%","538ccb262ec9f022b198d5fbe57a9c99c7eee9b7"
"Fx-Team","Ubuntu HW 12.04 x64","Tp5 Optimized (Private Bytes)","2015-09-07 15:35:36","+3.89%","a70692ababcacb80a8c52536e610597f9c41446a"
"B2g-Inbound","Ubuntu HW 12.04 x64","Tp5 Optimized (Private Bytes)","2015-09-07 15:35:37","+3.94%","538ccb262ec9f022b198d5fbe57a9c99c7eee9b7"
"Fx-Team","WINNT 6.2 x64 (e10s)","SVG, Opacity Row Major","2015-09-07 20:32:09","-9.12%","a70692ababcacb80a8c52536e610597f9c41446a"
"Fx-Team","WINNT 6.2 x64 (e10s)","Tab Animation Test","2015-09-07 20:32:07","-3.65%","a70692ababcacb80a8c52536e610597f9c41446a"
"Fx-Team","WINNT 6.2 x64 (e10s)","tscroll-ASAP","2015-09-07 20:32:01","-64.9%","a70692ababcacb80a8c52536e610597f9c41446a"
"Fx-Team","WINNT 5.1 (e10s)","TP5 Scroll","2015-09-07 18:00:50","-250%","a70692ababcacb80a8c52536e610597f9c41446a"
"Fx-Team","WINNT 6.1 (ix)","TP5 Scroll","2015-09-07 17:36:50","-3.21%","a70692ababcacb80a8c52536e610597f9c41446a"
"B2g-Inbound","WINNT 6.1 (ix)","TP5 Scroll","2015-09-07 17:36:51","-3.8%","538ccb262ec9f022b198d5fbe57a9c99c7eee9b7"
"Fx-Team","WINNT 6.2 x64","TP5 Scroll","2015-09-07 20:31:10","-3.66%","a70692ababcacb80a8c52536e610597f9c41446a"
"Fx-Team","WINNT 6.2 x64 (e10s)","Customization Animation Tests","2015-09-07 20:31:59","-2.45%","a70692ababcacb80a8c52536e610597f9c41446a"
"Fx-Team-Non-PGO","Ubuntu HW 12.04 (e10s)","TP5 Scroll","2015-09-10 12:01:44","+3.62%","076c517796268734a28ff0b45adbd3118b6be428"
"B2g-Inbound","WINNT 6.1 (ix)","Session Restore Test","2015-09-07 17:35:59","-3.38%","538ccb262ec9f022b198d5fbe57a9c99c7eee9b7"
"B2g-Inbound","WINNT 6.1 (ix)","Session Restore no Auto Restore Test","2015-09-07 17:35:57","-4.19%","538ccb262ec9f022b198d5fbe57a9c99c7eee9b7"
"Fx-Team","WINNT 5.1 (e10s)","tscroll-ASAP","2015-09-07 17:36:11","-592%","a70692ababcacb80a8c52536e610597f9c41446a"
"Fx-Team-Non-PGO","Ubuntu HW 12.04 (e10s)","tscroll-ASAP","2015-09-10 17:02:20","-7.79%","dd2a1d737a64d9a3f23714ec5cc623ec8933b51f"
